[
	{
		"inputs": [],
		"name": "getdata",
		"outputs": [],
		"stateMutability": "nonpayable",
		"type": "function"
	},
	{
		"inputs": [
			{
				"internalType": "uint256",
				"name": "productid",
				"type": "uint256"
			},
			{
				"internalType": "string",
				"name": "_name",
				"type": "string"
			},
			{
				"internalType": "string",
				"name": "Rated_Current",
				"type": "string"
			},
			{
				"internalType": "string",
				"name": "switch_operation",
				"type": "string"
			},
			{
				"internalType": "uint256",
				"name": "warr_period",
				"type": "uint256"
			},
			{
				"internalType": "string",
				"name": "color",
				"type": "string"
			},
			{
				"internalType": "string",
				"name": "module_size",
				"type": "string"
			},
			{
				"internalType": "string",
				"name": "material",
				"type": "string"
			},
			{
				"internalType": "string",
				"name": "coo",
				"type": "string"
			}
		],
		"name": "set_new_product",
		"outputs": [],
		"stateMutability": "nonpayable",
		"type": "function"
	},
	{
		"inputs": [
			{
				"internalType": "uint256",
				"name": "to",
				"type": "uint256"
			},
			{
				"internalType": "uint256",
				"name": "productid",
				"type": "uint256"
			},
			{
				"internalType": "string",
				"name": "_name",
				"type": "string"
			},
			{
				"internalType": "string",
				"name": "Rated_Current",
				"type": "string"
			},
			{
				"internalType": "string",
				"name": "switch_operation",
				"type": "string"
			},
			{
				"internalType": "uint256",
				"name": "warr_period",
				"type": "uint256"
			},
			{
				"internalType": "string",
				"name": "color",
				"type": "string"
			},
			{
				"internalType": "string",
				"name": "module_size",
				"type": "string"
			},
			{
				"internalType": "string",
				"name": "material",
				"type": "string"
			},
			{
				"internalType": "string",
				"name": "coo",
				"type": "string"
			}
		],
		"name": "set_newbatch_product",
		"outputs": [],
		"stateMutability": "nonpayable",
		"type": "function"
	},
	{
		"inputs": [
			{
				"internalType": "uint256",
				"name": "_sold",
				"type": "uint256"
			}
		],
		"name": "set_total_sold_product",
		"outputs": [],
		"stateMutability": "nonpayable",
		"type": "function"
	},
	{
		"inputs": [
			{
				"internalType": "uint256",
				"name": "_unsold",
				"type": "uint256"
			}
		],
		"name": "set_total_unsold_product",
		"outputs": [],
		"stateMutability": "nonpayable",
		"type": "function"
	},
	{
		"inputs": [
			{
				"internalType": "uint256",
				"name": "productid",
				"type": "uint256"
			}
		],
		"name": "set_warranty",
		"outputs": [],
		"stateMutability": "nonpayable",
		"type": "function"
	},
	{
		"inputs": [
			{
				"internalType": "uint256",
				"name": "id",
				"type": "uint256"
			}
		],
		"name": "get_product_details",
		"outputs": [
			{
				"components": [
					{
						"internalType": "string",
						"name": "brand",
						"type": "string"
					},
					{
						"internalType": "string",
						"name": "Rated_Current",
						"type": "string"
					},
					{
						"internalType": "string",
						"name": "Switch_Operation",
						"type": "string"
					},
					{
						"internalType": "string",
						"name": "Module_Size",
						"type": "string"
					},
					{
						"internalType": "string",
						"name": "material",
						"type": "string"
					},
					{
						"internalType": "string",
						"name": "Country_of_Origin",
						"type": "string"
					},
					{
						"internalType": "string",
						"name": "color",
						"type": "string"
					},
					{
						"internalType": "uint256",
						"name": "manu_date",
						"type": "uint256"
					},
					{
						"internalType": "uint256",
						"name": "warranty_start",
						"type": "uint256"
					},
					{
						"internalType": "uint256",
						"name": "warranty_end",
						"type": "uint256"
					},
					{
						"internalType": "uint256",
						"name": "warr_period",
						"type": "uint256"
					}
				],
				"internalType": "struct SimpleStorage.data",
				"name": "",
				"type": "tuple"
			}
		],
		"stateMutability": "view",
		"type": "function"
	},
	{
		"inputs": [],
		"name": "get_total_sold_product",
		"outputs": [
			{
				"internalType": "uint256",
				"name": "",
				"type": "uint256"
			}
		],
		"stateMutability": "view",
		"type": "function"
	},
	{
		"inputs": [],
		"name": "get_total_unsold_product",
		"outputs": [
			{
				"internalType": "uint256",
				"name": "",
				"type": "uint256"
			}
		],
		"stateMutability": "view",
		"type": "function"
	},
	{
		"inputs": [],
		"name": "gettdata",
		"outputs": [
			{
				"internalType": "uint256[]",
				"name": "",
				"type": "uint256[]"
			},
			{
				"internalType": "uint256[]",
				"name": "",
				"type": "uint256[]"
			}
		],
		"stateMutability": "view",
		"type": "function"
	},
	{
		"inputs": [
			{
				"internalType": "uint256",
				"name": "num",
				"type": "uint256"
			}
		],
		"name": "getttdata",
		"outputs": [
			{
				"internalType": "uint256",
				"name": "",
				"type": "uint256"
			},
			{
				"internalType": "uint256",
				"name": "",
				"type": "uint256"
			}
		],
		"stateMutability": "view",
		"type": "function"
	}
]